api-legacy-admin	mtcontract-89cb5293454e47c9	07255ca1691cf4bf6d973bf125ff8dd84442af7c662fcb904fe4ad3317893680	7	0
api-legacy-auth	mtcontract-b641a3009b1246d5	07255ca1691cf4bf6d973bf125ff8dd84442af7c662fcb904fe4ad3317893680	12	0
api-legacy-care	mtcontract-e76c1a447c7f4641	07255ca1691cf4bf6d973bf125ff8dd84442af7c662fcb904fe4ad3317893680	11	0
api-legacy-devices	mtcontract-448c5d3eef3e40b4	07255ca1691cf4bf6d973bf125ff8dd84442af7c662fcb904fe4ad3317893680	6	0
api-legacy-lookup	mtcontract-5e10fe941d724382	07255ca1691cf4bf6d973bf125ff8dd84442af7c662fcb904fe4ad3317893680	7	0
openapi-admin-settings	mtcontract-ad8f45a6e8b34816	328e00fdb439d784792d10a415a1abfa266c25739a7288302baaea939227b23d	10	0
openapi-app-tokens	mtcontract-914d8033f3564fa6	328e00fdb439d784792d10a415a1abfa266c25739a7288302baaea939227b23d	9	0
openapi-audit-logs	mtcontract-a996fb39e9eb4acb	328e00fdb439d784792d10a415a1abfa266c25739a7288302baaea939227b23d	2	0
openapi-dosages	mtcontract-69e0ad8299604a2f	07255ca1691cf4bf6d973bf125ff8dd84442af7c662fcb904fe4ad3317893680	14	0
openapi-dose-occurrences	mtcontract-640db078b24641c4	328e00fdb439d784792d10a415a1abfa266c25739a7288302baaea939227b23d	10	0
openapi-envelopes-legacy	mtcontract-f3550ba5d2d64695	7db8f4d473b3dc688045619aadf2bb1b652e4dae23a0888e6aef11fa7f60c0d1	6	0
openapi-exports	mtcontract-524079de98474385	328e00fdb439d784792d10a415a1abfa266c25739a7288302baaea939227b23d	16	0
openapi-external-integrations	mtcontract-ce76264854114a46	6e07c277a73c6ad6b7a4dde6b6cef8054c69c85ff146fb6eea3d6d10a6ea6cef	13	0
openapi-health-events	mtcontract-f70113c31adf410a	328e00fdb439d784792d10a415a1abfa266c25739a7288302baaea939227b23d	17	0
openapi-invitations	mtcontract-266b472dde564d21	328e00fdb439d784792d10a415a1abfa266c25739a7288302baaea939227b23d	6	0
openapi-invitations-legacy	mtcontract-0588f8a71ba64175	328e00fdb439d784792d10a415a1abfa266c25739a7288302baaea939227b23d	8	0
openapi-locations	mtcontract-c7d2aa75ae55412e	328e00fdb439d784792d10a415a1abfa266c25739a7288302baaea939227b23d	29	0
openapi-medications	mtcontract-eaaf43a0c41348b2	07255ca1691cf4bf6d973bf125ff8dd84442af7c662fcb904fe4ad3317893680	33	0
openapi-memberships	mtcontract-f5709a2dcfa1481d	328e00fdb439d784792d10a415a1abfa266c25739a7288302baaea939227b23d	6	0
openapi-native-tokens	mtcontract-26e1f58b1cf44aff	7db8f4d473b3dc688045619aadf2bb1b652e4dae23a0888e6aef11fa7f60c0d1	5	0
openapi-notifications	mtcontract-b9b8f839e0214b30	7db8f4d473b3dc688045619aadf2bb1b652e4dae23a0888e6aef11fa7f60c0d1	2	0
openapi-pause-lifecycle	mtcontract-df01bd2e810d40c2	328e00fdb439d784792d10a415a1abfa266c25739a7288302baaea939227b23d	10	0
openapi-people	mtcontract-39ab7e79bf364415	7db8f4d473b3dc688045619aadf2bb1b652e4dae23a0888e6aef11fa7f60c0d1	17	0
openapi-person-grants	mtcontract-f3f9abd80e55406b	328e00fdb439d784792d10a415a1abfa266c25739a7288302baaea939227b23d	15	0
openapi-person-medication-writes	mtcontract-03933dc838ec47cb	328e00fdb439d784792d10a415a1abfa266c25739a7288302baaea939227b23d	11	0
openapi-portability-legacy	mtcontract-d8bef7809d8e4673	328e00fdb439d784792d10a415a1abfa266c25739a7288302baaea939227b23d	3	0
openapi-portable-writes	mtcontract-7f53e21c050b45c3	328e00fdb439d784792d10a415a1abfa266c25739a7288302baaea939227b23d	2	0
openapi-profile	mtcontract-cf99862a0544453b	328e00fdb439d784792d10a415a1abfa266c25739a7288302baaea939227b23d	10	0
openapi-profile-storage	mtcontract-73e56c0177fc4807	328e00fdb439d784792d10a415a1abfa266c25739a7288302baaea939227b23d	1	0
openapi-push-subscriptions	mtcontract-cd779fcd72b34968	7db8f4d473b3dc688045619aadf2bb1b652e4dae23a0888e6aef11fa7f60c0d1	5	0
openapi-rate-limit	mtcontract-db82078dfdb74b5e	328e00fdb439d784792d10a415a1abfa266c25739a7288302baaea939227b23d	1	0
openapi-read-completion	mtcontract-472f146989e3498b	328e00fdb439d784792d10a415a1abfa266c25739a7288302baaea939227b23d	23	0
openapi-replay-legacy	mtcontract-f069bae53ec4407b	328e00fdb439d784792d10a415a1abfa266c25739a7288302baaea939227b23d	8	0
openapi-reports	mtcontract-f045163cf5824da7	328e00fdb439d784792d10a415a1abfa266c25739a7288302baaea939227b23d	11	0
openapi-review-prompts	mtcontract-3b627c2926e3449e	328e00fdb439d784792d10a415a1abfa266c25739a7288302baaea939227b23d	10	0
openapi-schedule-writes	mtcontract-144f939a78f74f9c	328e00fdb439d784792d10a415a1abfa266c25739a7288302baaea939227b23d	10	0
openapi-sessions	mtcontract-9f86980223bb4aae	07255ca1691cf4bf6d973bf125ff8dd84442af7c662fcb904fe4ad3317893680	8	0
openapi-stock-workflows	mtcontract-98d8d3516f014e9e	328e00fdb439d784792d10a415a1abfa266c25739a7288302baaea939227b23d	17	0
openapi-sync-batch-legacy	mtcontract-fb11522f88d147d6	328e00fdb439d784792d10a415a1abfa266c25739a7288302baaea939227b23d	13	0
