api-legacy-admin	mtcontract-921e083b2f2a4deb	f90bb6e1e432b02bda1adcc7947936561baf2f48d9aa6c124305ffdc7d418efe	6	1
api-legacy-auth	mtcontract-970799e8147a417c	f90bb6e1e432b02bda1adcc7947936561baf2f48d9aa6c124305ffdc7d418efe	9	3
api-legacy-care	mtcontract-8f7f40c8dbcd471b	f90bb6e1e432b02bda1adcc7947936561baf2f48d9aa6c124305ffdc7d418efe	6	5
api-legacy-devices	mtcontract-4eb239ec62f540b5	f90bb6e1e432b02bda1adcc7947936561baf2f48d9aa6c124305ffdc7d418efe	6	0
api-legacy-lookup	mtcontract-7bfa1a57b45941b7	f90bb6e1e432b02bda1adcc7947936561baf2f48d9aa6c124305ffdc7d418efe	5	1
openapi-admin-settings	mtcontract-fd11fe5a2de045c8	65cc836321971381182bde50286294ec10cab83f456c5a7d4894e84fc8278508	10	0
openapi-app-tokens	mtcontract-441cc58bfabf4e61	589654e57fb6dc91c4190ed1e0bdb83dcd2d96aa3f853bab1824eedb93fa99db	9	0
openapi-audit-logs	mtcontract-5fdb5f23a5e04d08	589654e57fb6dc91c4190ed1e0bdb83dcd2d96aa3f853bab1824eedb93fa99db	2	0
openapi-dosages	mtcontract-e3ea5a02a214462f	f90bb6e1e432b02bda1adcc7947936561baf2f48d9aa6c124305ffdc7d418efe	14	0
openapi-dose-occurrences	mtcontract-8c15b3f72b2c4a1b	60e56be13c659b2175c0655f54b16e03016f439b1cd0ad8d2b54fc87a7cbc2bc	10	0
openapi-envelopes-legacy	mtcontract-298b3134261f45af	f90bb6e1e432b02bda1adcc7947936561baf2f48d9aa6c124305ffdc7d418efe	6	0
openapi-exports	mtcontract-6555517fea3244ca	589654e57fb6dc91c4190ed1e0bdb83dcd2d96aa3f853bab1824eedb93fa99db	16	0
openapi-external-integrations	mtcontract-2e781efd147f4d9a	1dc65d9ce0bd4e9402bb7c19699aae8b67588e8f211cb7700251f67fc0f7dcbe	13	0
openapi-health-events	mtcontract-3988dc0ca26940d7	589654e57fb6dc91c4190ed1e0bdb83dcd2d96aa3f853bab1824eedb93fa99db	17	0
openapi-invitations	mtcontract-02b67d35ca714341	589654e57fb6dc91c4190ed1e0bdb83dcd2d96aa3f853bab1824eedb93fa99db	6	0
openapi-invitations-legacy	mtcontract-340e45a8a87c423c	589654e57fb6dc91c4190ed1e0bdb83dcd2d96aa3f853bab1824eedb93fa99db	8	0
openapi-locations	mtcontract-440a751e4eb749f1	65cc836321971381182bde50286294ec10cab83f456c5a7d4894e84fc8278508	29	0
openapi-medications	mtcontract-22e6206a21c843fd	f90bb6e1e432b02bda1adcc7947936561baf2f48d9aa6c124305ffdc7d418efe	33	0
openapi-memberships	mtcontract-dd6ad24bd6af4ed3	589654e57fb6dc91c4190ed1e0bdb83dcd2d96aa3f853bab1824eedb93fa99db	6	0
openapi-native-tokens	mtcontract-ae7a19c606e04030	f90bb6e1e432b02bda1adcc7947936561baf2f48d9aa6c124305ffdc7d418efe	5	0
openapi-notifications	mtcontract-754228bebfb14f77	f90bb6e1e432b02bda1adcc7947936561baf2f48d9aa6c124305ffdc7d418efe	2	0
openapi-pause-lifecycle	mtcontract-c352853d7e444d69	60e56be13c659b2175c0655f54b16e03016f439b1cd0ad8d2b54fc87a7cbc2bc	10	0
openapi-people	mtcontract-7033ea30edd44a20	f90bb6e1e432b02bda1adcc7947936561baf2f48d9aa6c124305ffdc7d418efe	17	0
openapi-person-grants	mtcontract-66024225afd842d6	589654e57fb6dc91c4190ed1e0bdb83dcd2d96aa3f853bab1824eedb93fa99db	15	0
openapi-person-medication-writes	mtcontract-ec3613741b3149e0	3067ecaa717b862d777ca0e040090ce150a87ef3169f513d46a151452353f44c	11	0
openapi-portability-legacy	mtcontract-c510e99b8ab349a3	1dc65d9ce0bd4e9402bb7c19699aae8b67588e8f211cb7700251f67fc0f7dcbe	3	0
openapi-portable-writes	mtcontract-d081d1c016f2413e	1dc65d9ce0bd4e9402bb7c19699aae8b67588e8f211cb7700251f67fc0f7dcbe	1	1
openapi-profile	mtcontract-1d896c3fe5944479	589654e57fb6dc91c4190ed1e0bdb83dcd2d96aa3f853bab1824eedb93fa99db	9	1
openapi-profile-storage	mtcontract-4111da41f33e4d2a	589654e57fb6dc91c4190ed1e0bdb83dcd2d96aa3f853bab1824eedb93fa99db	1	0
openapi-push-subscriptions	mtcontract-2a65196ebc2f4982	f90bb6e1e432b02bda1adcc7947936561baf2f48d9aa6c124305ffdc7d418efe	5	0
openapi-rate-limit	mtcontract-020d650cf53d4c86	589654e57fb6dc91c4190ed1e0bdb83dcd2d96aa3f853bab1824eedb93fa99db	1	0
openapi-read-completion	mtcontract-0012654361634739	1dc65d9ce0bd4e9402bb7c19699aae8b67588e8f211cb7700251f67fc0f7dcbe	23	0
openapi-replay-legacy	mtcontract-072076e30eda463b	1dc65d9ce0bd4e9402bb7c19699aae8b67588e8f211cb7700251f67fc0f7dcbe	8	0
openapi-reports	mtcontract-c0c4e24526a44f17	589654e57fb6dc91c4190ed1e0bdb83dcd2d96aa3f853bab1824eedb93fa99db	11	0
openapi-review-prompts	mtcontract-6804294d71e845e3	589654e57fb6dc91c4190ed1e0bdb83dcd2d96aa3f853bab1824eedb93fa99db	10	0
openapi-schedule-writes	mtcontract-2554eb37fa41406f	3067ecaa717b862d777ca0e040090ce150a87ef3169f513d46a151452353f44c	10	0
openapi-sessions	mtcontract-5a0cffbd21d44eb2	f90bb6e1e432b02bda1adcc7947936561baf2f48d9aa6c124305ffdc7d418efe	8	0
openapi-stock-workflows	mtcontract-f79712e1e6cf446b	589654e57fb6dc91c4190ed1e0bdb83dcd2d96aa3f853bab1824eedb93fa99db	17	0
openapi-sync-batch-legacy	mtcontract-255ddf31ad874b94	1dc65d9ce0bd4e9402bb7c19699aae8b67588e8f211cb7700251f67fc0f7dcbe	13	0
